manuscript	source	target	score	verification	timestamp
Q100486	ahloma_007505999008958773_cbf10f	https://digi.vatlib.it/iiif/MSS_Vat.lat.8541/canvas/p0042		valid	2026-10-06T11:01:25+02:00
Q100486	ahloma_007505999008958773_cbf10f	https://digi.vatlib.it/iiif/MSS_Vat.lat.8541/canvas/p0044		not_valid	2026-10-06T11:01:27+02:00
Q101007	ahloma_005545311006618597_91ebad	https://digi.vatlib.it/iiif/MSS_Vat.lat.12958/canvas/p0016		valid	2026-10-06T11:01:46+02:00
Q89847	ahloma_008379207010000989_bcaced	https://digi.vatlib.it/iiif/MSS_Reg.lat.18/canvas/p0003		not_valid	2026-10-06T14:39:54+02:00
Q89847	ahloma_008379207010000989_bcaced	https://digi.vatlib.it/iiif/MSS_Reg.lat.18/canvas/p0005		valid	2026-10-06T14:39:56+02:00
Q89847	ahloma_008379207010000989_bcaced	https://digi.vatlib.it/iiif/MSS_Reg.lat.18/canvas/p0147		not_valid	2026-10-06T14:39:59+02:00
Q89847	ahloma_008379207010000989_e5bccc	https://digi.vatlib.it/iiif/MSS_Reg.lat.18/canvas/p0075		not_valid	2026-10-06T14:40:18+02:00
Q89847	ahloma_008379207010000989_e5bccc	https://digi.vatlib.it/iiif/MSS_Reg.lat.18/canvas/p0075		valid	2026-10-06T14:40:21+02:00
Q89847	ahloma_008379207010000989_e5bccc	https://digi.vatlib.it/iiif/MSS_Reg.lat.18/canvas/p0076		not_valid	2026-10-06T14:40:21+02:00
Q89848	ahloma_005793466006914782_ba774e	https://digi.vatlib.it/iiif/MSS_Reg.lat.19/canvas/p0003		not_valid	2026-10-06T14:40:27+02:00
Q89848	ahloma_005793466006914782_ba774e	https://digi.vatlib.it/iiif/MSS_Reg.lat.19/canvas/p0009		valid	2026-10-06T14:41:34+02:00
Q89848	ahloma_005793466006914782_ba774e	https://digi.vatlib.it/iiif/MSS_Reg.lat.19/canvas/p0009		not_valid	2026-10-06T14:41:41+02:00
Q89848	ahloma_005793466006914782_ba774e	https://digi.vatlib.it/iiif/MSS_Reg.lat.19/canvas/p0009		valid	2026-10-06T14:41:43+02:00
Q89848	ahloma_005793466006914782_ba774e	https://digi.vatlib.it/iiif/MSS_Reg.lat.19/canvas/p0167		not_valid	2026-10-06T14:41:47+02:00
Q89848	ahloma_005793466006914782_c9cb08	https://digi.vatlib.it/iiif/MSS_Reg.lat.19/canvas/p0011		valid	2026-10-06T14:41:50+02:00
Q89848	ahloma_005793466006914782_c9cb08	https://digi.vatlib.it/iiif/MSS_Reg.lat.19/canvas/p0005		not_valid	2026-10-06T14:41:51+02:00
Q89848	ahloma_005793466006914782_c9cb08	https://digi.vatlib.it/iiif/MSS_Reg.lat.19/canvas/p0169		not_valid	2026-10-06T14:41:53+02:00
Q89848	ahloma_005793466006914782_1cfc35	https://digi.vatlib.it/iiif/MSS_Reg.lat.19/canvas/p0032		valid	2026-10-06T14:41:55+02:00
Q89848	ahloma_005793466006914782_83d477	https://digi.vatlib.it/iiif/MSS_Reg.lat.19/canvas/p0062		valid	2026-10-06T14:41:57+02:00
